Configuration,ROUGE-1,ROUGE-2,ROUGE-L,BLEU
llm_answers_context_top1,0.07492818778466888,0.01055539274734927,0.07471218656366765,0.007696330697641751
llm_answers_raw_ocr_top1,0.05991080104569645,0.008630760344851088,0.05970879082473461,0.004321533463343593
llm_answers_context_top3,0.05027204169782186,0.0071388051200198905,0.05015717045795062,0.004509368189469509
llm_answers_raw_ocr_top3,0.03714412663807293,0.005002827788069207,0.0370155134657562,0.002276481434278559
